{"cameraMode":{"drawMode":0,"name":"Shaded","section":"Shading Mode"},"sceneLighting":true,"audioPlay":false,"sceneViewState":{"m_AlwaysRefresh":false,"showFog":true,"showSkybox":true,"showFlares":true,"showImageEffects":true,"showParticleSystems":true,"showVisualEffectGraphs":true,"m_FxEnabled":true},"in2DMode":false,"pivot":{"x":52.87139129638672,"y":20.375083923339845,"z":69.05107116699219},"rotation":{"x":0.0034515541046857836,"y":0.9717180132865906,"z":-0.23595662415027619,"w":0.015859121456742288},"size":31.59618377685547,"orthographic":true}