{"cameraMode":{"drawMode":0,"name":"Shaded","section":"Shading Mode"},"sceneLighting":false,"audioPlay":false,"sceneViewState":{"m_AlwaysRefresh":false,"showFog":false,"showSkybox":false,"showFlares":false,"showImageEffects":false,"showParticleSystems":false,"showVisualEffectGraphs":true,"m_FxEnabled":true},"in2DMode":false,"pivot":{"x":0.022848844528198243,"y":0.473488986492157,"z":-0.302207350730896},"rotation":{"x":-0.04969742149114609,"y":0.9275155663490295,"z":-0.13336609303951264,"w":-0.34562841057777407},"size":1.2031021118164063,"orthographic":false}