{"cameraMode":{"drawMode":0,"name":"Shaded","section":"Shading Mode"},"sceneLighting":true,"audioPlay":false,"sceneViewState":{"m_AlwaysRefresh":false,"showFog":true,"showSkybox":true,"showFlares":true,"showImageEffects":true,"showParticleSystems":true,"showVisualEffectGraphs":true,"m_FxEnabled":true},"in2DMode":false,"pivot":{"x":35.80658721923828,"y":6.576763153076172,"z":45.04823303222656},"rotation":{"x":-0.0021077103447169067,"y":0.9778032302856445,"z":-0.20963825285434724,"w":-0.009970180690288544},"size":12.12435531616211,"orthographic":false}